/au/en/home.html --> /pages/latest/au/en/home-v2.html
/au/en/contact-us.html --> /pages/latest/au/en/contact-us-v2.html
/au/en/send-money-to-philippines.html --> /pages/latest/au/en/send-money-to-philippines-v2.html
/au/en/mobile-app.html --> /pages/latest/au/en/mobile-app-v2.html
/au/en/send-money-to-india.html --> /pages/latest/au/en/send-money-to-india-v2.html
/au/en/legal/intellectual-property.html --> /pages/latest/au/en/legal/intellectual-property-v2.html
/au/en/legal/australia-collection-notice.html --> /pages/latest/au/en/legal/australia-collection-notice-v2.html
/au/en/send-money-to-indonesia.html --> /pages/latest/au/en/send-money-to-indonesia-v2.html
/au/en/bank-account-transfer-details.html --> /pages/latest/au/en/bank-account-transfer-details-v2.html
/au/en/receive-money.html --> /pages/latest/au/en/receive-money-v2.html
/au/en/send-money-to-pakistan.html --> /pages/latest/au/en/send-money-to-pakistan-v2.html
